,Train_80%,Valid_test_%20,Valid_%10,Test_%10
0,0.9644276465951415,0.8384473069822413,0.9544155803309315,0.510656979300114
